timestamp,tweet_text,username,all_hashtags,followers_count
,,,,
17-05-2020 12:54,"b""Here's the overall #Coronavirus statistics in #TamilNadu, as on May 17!  #COVID #COVID19India #CoronaOutbreak #CoronaInTN #CoronaVirus #Corona #IndiaFightsCorona #CoronaUpdate #CoronaTNUpdate #StayHomeStaySafe #GalattaCares #StayHomeSaveLives #BreakTheChain #FlattenTheCurve https://t.co/FSCLQDiPTQ""",b'galattadotcom',"['Coronavirus', 'TamilNadu', 'COVID', 'COVID19India', 'CoronaOutbreak', 'CoronaInTN', 'CoronaVirus', 'Corona', 'IndiaFightsCorona', 'CoronaUpdate', 'CoronaTNUpdate', 'StayHomeStaySafe', 'GalattaCares', 'StayHomeSaveLives', 'BreakTheChain', 'FlattenTheCurve']",197941
,,,,
17-05-2020 12:52,b'#GoodNews #CoronaTNUpdate 634 New recoveries #Coronavirus Total recoveries in #TamilNadu becomes 4172 | #COVID #COVID19India #CoronaOutbreak #CoronaInTN #CoronaVirus #Corona #IndiaFightsCorona #CoronaUpdate #PositiveVibes',b'galattadotcom',"['GoodNews', 'CoronaTNUpdate', 'Coronavirus', 'TamilNadu', 'COVID', 'COVID19India', 'CoronaOutbreak', 'CoronaInTN', 'CoronaVirus', 'Corona', 'IndiaFightsCorona', 'CoronaUpdate', 'PositiveVibes']",197941
,,,,
17-05-2020 12:52,b'#Breaking: #CoronaTNUpdate 4 new deaths in past 24 hours! #Coronavirus deaths #TamilNadu Total goes up to 78 | #COVID #COVID19India #CoronaOutbreak #CoronaInTN #CoronaVirus #Corona #IndiaFightsCorona #CoronaUpdate',b'galattadotcom',"['Breaking', 'CoronaTNUpdate', 'Coronavirus', 'TamilNadu', 'COVID', 'COVID19India', 'CoronaOutbreak', 'CoronaInTN', 'CoronaVirus', 'Corona', 'IndiaFightsCorona', 'CoronaUpdate']",197941
,,,,
17-05-2020 12:51,b'#Breaking: #CoronaTNUpdate Chennai registers 480 New cases on May 17th! #Coronavirus positive cases in #Chennai Total - 6750 | #COVID-19 #COVID #COVID19India #CoronaOutbreak #CoronaInTN #CoronaVirus #Corona #IndiaFightsCorona #CoronaUpdate',b'galattadotcom',"['Breaking', 'CoronaTNUpdate', 'Coronavirus', 'Chennai', 'COVID', 'COVID', 'COVID19India', 'CoronaOutbreak', 'CoronaInTN', 'CoronaVirus', 'Corona', 'IndiaFightsCorona', 'CoronaUpdate']",197941
,,,,
17-05-2020 12:51,b'Isolating in my Tower \xf0\x9f\x8f\xb0\xf0\x9f\x92\x95..Bookings: missdestinyaddams@gmx.co.uk#dragqueen #drag #makeup #corona #coronavirus #tower #princess #pink #aurora #vibes #disney #wheresmyprince #blonde #mug #cute #london #gay #gayuk #gayboy #londondrag #likes #followhttps://t.co/3c1dGOXkRT',b'AddamsDestiny',"['dragqueen', 'drag', 'makeup', 'corona', 'coronavirus', 'tower', 'princess', 'pink', 'aurora', 'vibes', 'disney', 'wheresmyprince', 'blonde', 'mug', 'cute', 'london', 'gay', 'gayuk', 'gayboy', 'londondrag', 'likes', 'follow']",6
,,,,
17-05-2020 12:51,"b'#Breaking: #CoronaTNUpdate 639 - new cases in #TN on May 17th!  #Coronavirus positive cases in #TamilNadu Total - 11,224 | #COVID #COVID19India #CoronaOutbreak #CoronaInTN #CoronaVirus #Corona'",b'galattadotcom',"['Breaking', 'CoronaTNUpdate', 'TN', 'Coronavirus', 'TamilNadu', 'COVID', 'COVID19India', 'CoronaOutbreak', 'CoronaInTN', 'CoronaVirus', 'Corona']",197941
,,,,
17-05-2020 12:50,"b'#BREAKING6,750/11,224 cases in #TamilNadu are from #Chennai Out of 639 #COVID19 cases today,480 are from #Chennai.Chennai has 6,750 total #COVID cases, out of which 5,520 cases are active cases.53 of the 78 deaths so far, are from #Chennai #Corona #coronavirus #Covid_19'",b'Jay_Apoorva18',"['BREAKING', 'TamilNadu', 'Chennai', 'COVID19', 'Chennai', 'COVID', 'Chennai', 'Corona', 'coronavirus', 'Covid_19']",2697
,,,,
17-05-2020 12:33,b'\xe2\x80\x98Covidity\xe2\x80\x99 is the mother of invention#corona #CoronaCrisis #coronavirus #CoronavirusOutbreak #CoronaPandemic #COVID19outbreak #COVID #COVID19Pandemic #nCOV2019 #VirusCorona #Quarantine #PPE #redzone #WHO #workingfromhome #sundayvibes #SundayPenNews   https://t.co/ctA9XW0GjP',b'pennewstweet',"['corona', 'CoronaCrisis', 'coronavirus', 'CoronavirusOutbreak', 'CoronaPandemic', 'COVID19outbreak', 'COVID', 'COVID19Pandemic', 'nCOV2019', 'VirusCorona', 'Quarantine', 'PPE', 'redzone', 'WHO', 'workingfromhome', 'sundayvibes', 'SundayPenNews']",2895
,,,,
17-05-2020 12:32,"b""Y'all have been missing me yeah?\xf0\x9f\x98\x8a We'll keep missing,\xf0\x9f\xa4\xaa I'm just here staying safe at home.#StaySafe #HappySuday #HappyWeekend #Quarantine #Kela #Covid19 #Corona #CoronaVirus https://t.co/4uj56jjjG0""",b'godson_zaki',"['StaySafe', 'HappySuday', 'HappyWeekend', 'Quarantine', 'Kela', 'Covid19', 'Corona', 'CoronaVirus']",1178
,,,,
17-05-2020 12:31,b'Last updated: 2020-05-17 12:05:01+00:00GMT  Coronavirus [COVID-19]    Cases: 4744641    Deaths: 313723#corona #coronavirus #COVID19 https://t.co/Jp9k9QatIR',b'sukemomo',"['corona', 'coronavirus', 'COVID19']",71
,,,,
17-05-2020 12:30,"b'#Codliveroil is the oil extracted from the #liversofAtlanticcod. It is commonly taken as a dietary supplement and is packed full of #nutrients.#STAYHOME ,#STAYSAFE #covid19 #coronavirus #corona #ayurveda #satved #satbaby #indiafightscorona #socialdistancing #immunebooster https://t.co/yxlC4cCHa9'",b'satved_official',"['Codliveroil', 'liversofAtlanticcod', 'nutrients', 'STAYHOME', 'STAYSAFE', 'covid19', 'coronavirus', 'corona', 'ayurveda', 'satved', 'satbaby', 'indiafightscorona', 'socialdistancing', 'immunebooster']",17
,,,,
17-05-2020 12:24,b'#OICCountriesCombatCOVID19  #Halal #halaal #Corona #coronavirus #Covid_19 #COVID #COVID19 (Source: The Standard and Metrology Institute for Islamic Countries @SMIICGS ) #COVID\xe3\x83\xbc19 https://t.co/1FXFZbCxmx',b'OIC_OCI',"['OICCountriesCombatCOVID19', 'Halal', 'halaal', 'Corona', 'coronavirus', 'Covid_19', 'COVID', 'COVID19', 'COVIDー19']",139095
,,,,
17-05-2020 12:19,"b'Sanitize your home at a cost lesser than a cup of coffee. Lets fight Corona,.#buybuycart #corona #covid #coronavirus #stayhome #virus #quarantine #staysafe #love #lockdown #stayathome #memes #instagram #socialdistancing #coronamemes #india #d #k #like #instagood  #bhfyp https://t.co/BwzFg1xs8R'",b'csbuybuy',"['buybuycart', 'corona', 'covid', 'coronavirus', 'stayhome', 'virus', 'quarantine', 'staysafe', 'love', 'lockdown', 'stayathome', 'memes', 'instagram', 'socialdistancing', 'coronamemes', 'india', 'd', 'k', 'like', 'instagood', 'bhfyp']",109
,,,,
17-05-2020 12:18,"b'""...\xf0\x9d\x90\x9c\xf0\x9d\x90\xa8\xf0\x9d\x90\xab\xf0\x9d\x90\xa8\xf0\x9d\x90\xa7\xf0\x9d\x90\x9a \xf0\x9d\x90\xa9\xf0\x9d\x90\xa8\xf0\x9d\x90\xa5\xf0\x9d\x90\xa2\xf0\x9d\x90\xad\xf0\x9d\x90\xa2\xf0\x9d\x90\x9c\xf0\x9d\x90\xac \xf0\x9d\x90\xa2\xf0\x9d\x90\xac \xf0\x9d\x90\x9a\xf0\x9d\x90\xa5\xf0\x9d\x90\xac\xf0\x9d\x90\xa8 \xf0\x9d\x90\x9c\xf0\x9d\x90\xa5\xf0\x9d\x90\x9a\xf0\x9d\x90\xac\xf0\x9d\x90\xac \xf0\x9d\x90\xa9\xf0\x9d\x90\xa8\xf0\x9d\x90\xa5\xf0\x9d\x90\xa2\xf0\x9d\x90\xad\xf0\x9d\x90\xa2\xf0\x9d\x90\x9c\xf0\x9d\x90\xac.""https://t.co/Vol6u7E56O#COVID19NL #COVID19 #coronavirus #corona'",b'GlobalGreenDeal',"['COVID19NL', 'COVID19', 'coronavirus', 'corona']",635
,,,,
17-05-2020 12:17,b'Together we can. #StayHomeSA #DstvMustFall #lockDownSouthAfrica #staysafe #COVID19SouthAfrica #CoronaVirus #corona https://t.co/6glSMbPGol',b'Poncho_Sekiti',"['StayHomeSA', 'DstvMustFall', 'lockDownSouthAfrica', 'staysafe', 'COVID19SouthAfrica', 'CoronaVirus', 'corona']",263
,,,,
17-05-2020 12:12,"b'We thought it was one virus, then one pandemic. At the end it became a global #IQ test #COVID19 #Corona #Pandemic #CoronaVirus #Virus @CoronaExtraBaja @Cervizini @LocoDemoCrazy @OMG_Roflmao @baja4dummies @Bestof_Stupid @FornicateYou @BestOfRude https://t.co/aWfxAU2Ep7'",b'JapatulValley',"['IQ', 'COVID19', 'Corona', 'Pandemic', 'CoronaVirus', 'Virus']",124
,,,,
17-05-2020 12:12,"b'Lockdown extended in TN till May 31#Lockdown, #Tamilnadu, #Chennai, #Edapadipalanisamy, #Coronavirus, #Coronahttps://t.co/mVV2V9692L'",b'thandoratimes',"['Lockdown', 'Tamilnadu', 'Chennai', 'Edapadipalanisamy', 'Coronavirus', 'Corona']",1708
,,,,
17-05-2020 12:03,"b'either corona or no corona, staying away from people is always a better idea..#covid19 #coronavirus #corona https://t.co/Uzar4OdbJP'",b'fahadyousafzi',"['covid19', 'coronavirus', 'corona']",543
,,,,
17-05-2020 12:02,b'More Podcasts:Mark Blyth @MkBlythThe Corona Crash: How Bad Will It Be?https://t.co/UcsvBikNY6Steve Keen @ProfSteveKeenCorona Crisis: Debt jubilee \xe2\x80\x93 the only real answer?https://t.co/XQKGdnOzUI#COVID19 #coronavirus #DebtJubilee #EconomicCrisis #EconomicResponse #Corona https://t.co/OiWJSiE99O',b'BRAVENEWEUROPE1',"['COVID19', 'coronavirus', 'DebtJubilee', 'EconomicCrisis', 'EconomicResponse', 'Corona']",3132
,,,,
17-05-2020 12:02,b'Click here for full article: https://t.co/luWFavdMfq | The title of the article is \xe2\x80\x98Infotagion: Free Fact-Check Service To Stop Coronavirus Disinformation\xe2\x80\x99. | @hollywoodinsider#hollywoodinsider #hollywood #coronavirus #covid #corona #virus #rus #coronav #quarantine #s #a #love https://t.co/j55JkBuP6s',b'Hollywdinsdr',"['hollywoodinsider', 'hollywood', 'coronavirus', 'covid', 'corona', 'virus', 'rus', 'coronav', 'quarantine', 's', 'a', 'love']",107
,,,,
17-05-2020 12:01,"b'#COVID19 daily figures tested at AUBMC. #coronavirusTo know more about #corona virus, go to https://t.co/9bNMVar2O4 https://t.co/qs6N45jhP5'",b'AUBMC_Official',"['COVID19', 'coronavirus', 'corona']",7476
,,,,
17-05-2020 11:56,"b'Hi @BansalNewsbpl, Check this article to know more about Corona Virus, its symptoms and how to fight it. #Corona #CoronaVirus #EBhopalhttps://t.co/wloVjWA1jM'",b'ebhopal_in',"['Corona', 'CoronaVirus', 'EBhopal']",82
,,,,
17-05-2020 11:54,b'9-year-old boy tests COVID positive in Assam#Assam #Assamnews #corona #CoronaCrisis #coronavirus #CoronavirusOutbreak #CoronavirusPandemic #CoronaPandemic #COVID19outbreak #COVID #IndiaFightsCoronahttps://t.co/ue0t67R6Fl',b'pennewstweet',"['Assam', 'Assamnews', 'corona', 'CoronaCrisis', 'coronavirus', 'CoronavirusOutbreak', 'CoronavirusPandemic', 'CoronaPandemic', 'COVID19outbreak', 'COVID', 'IndiaFightsCorona']",2895
,,,,
17-05-2020 11:53,"b'@HusseinMohamedg Unwise pple dont understand Magufulis msg, #COVID19 #Corona is flu or just like other diseases but the overhyped #coronavirus #COVID19 is a property of imperialists that they want 2use as a new enslavement tool,Magufuli has categorically refused to be their puppet,thnks Magufuli'",b'kriskambona',"['COVID19', 'Corona', 'coronavirus', 'COVID19']",644
,,,,
17-05-2020 11:42,"b""AP Government Provides Free Transportation For Migrant'sRead Here&gt;&gt;https://t.co/vY0JzcbNBt#apgovernment #CoronaWillEndSoon #coronavirus #Corona https://t.co/9u0F0Qq43U""",b'tupakinews_',"['apgovernment', 'CoronaWillEndSoon', 'coronavirus', 'Corona']",1090
,,,,
17-05-2020 11:42,b'@ProsaicView @amitmehra @Alya_ism @RiaRevealed @nfszmnzdh @iamRheaSarin @Cow__Momma @rupagulab @rebelawyer @Tinni_Aphrodite @chotisikhidki @rumiesque @MaralMoein @snapnchat @ParaRjs @AGalleryofDream @renegadephoenix @jeenasingh5 @__arpana__ @NomadiqueInKeds @AfsharMahnaz @reshma_alam9 @LiTTLe_RaBBitt1 @tennis_meenal @rlily4 @sopranoxs @___VintageSoul @dijuli22 @DrKarenLonsdale @rizwanalam14 @sarahmarb @coffeestains11 @synchronise1857 @UrbanShrink @stylistanu @AwanthiVardaraj @rumilife0612 @iTehreemNiazi @Aysh_01 @Kartika_Budhwar @Oneirology11 #CoronaLockdown #Corona #COVID2019 #StayHome  #lockdown4 #coronavirus@AwanthiVardaraj @rumilife0612 #Covid_19india#Covid_19 @Aysh_01 @juansrainbow @jastnarges  #StayHomeStaySafe#HomeQuarantine@iTehreemNiazi @Kartika_Budhwar  @Oneirology11 #Quarantine  Snoops@home Day 49 https://t.co/T2TwpPL5yB',b'StarNin30310609',"['CoronaLockdown', 'Corona', 'COVID2019', 'StayHome', 'lockdown4', 'coronavirus', 'Covid_19india', 'Covid_19', 'StayHomeStaySafe', 'HomeQuarantine', 'Quarantine']",219
,,,,
17-05-2020 11:36,b'Hope springs eternal #rainbow #hope #covid #coronavirus #stayathome #covid19 #corona #exercise #selfisolation #stayhome #sydney #melbourne #adelaide #brisbane #canberra #perth #nsw #westernaustralia #sydneylockdown\xe2\x80\xa6 https://t.co/QIaf4A3es4',b'sydneycafes',"['rainbow', 'hope', 'covid', 'coronavirus', 'stayathome', 'covid19', 'corona', 'exercise', 'selfisolation', 'stayhome', 'sydney', 'melbourne', 'adelaide', 'brisbane', 'canberra', 'perth', 'nsw', 'westernaustralia', 'sydneylockdown']",16819
,,,,
17-05-2020 11:32,b'These are the people telling you how to be healthy#Corona #CoronaVirus #Covid19 #CoronaHoax #FakeCrisis #FakePandemic #EmptyHospitals #FilmYourHospital #NHS #ClapForTheNHS #Hoax #FalseFlag #ID2020 #StayHome #StayHomeSaveLives #EmptyHospital #5G #BillGates #Vaccine #vaccines https://t.co/PE2UwJjoyd',b'Bez___',"['Corona', 'CoronaVirus', 'Covid19', 'CoronaHoax', 'FakeCrisis', 'FakePandemic', 'EmptyHospitals', 'FilmYourHospital', 'NHS', 'ClapForTheNHS', 'Hoax', 'FalseFlag', 'ID2020', 'StayHome', 'StayHomeSaveLives', 'EmptyHospital', '5G', 'BillGates', 'Vaccine', 'vaccines']",1272
,,,,
17-05-2020 11:31,b'Last updated: 2020-05-17 11:05:01+00:00GMT  Coronavirus [COVID-19]    Cases: 4743181    Deaths: 313703#corona #coronavirus #COVID19 https://t.co/LDVQDa3My3',b'sukemomo',"['corona', 'coronavirus', 'COVID19']",71
,,,,
17-05-2020 11:30,b'#techfect20Because knowledge has beginning but no ending..\xe2\x98\xba\xef\xb8\x8f#tech #technews #Tech4All #Tech4Good #Technologies #technologynews #techno    #coronavirus #CoronaLockdown #COVID19 #coronaupdatesindia #Corona #googleEDU #GoogleAlerts #Chrome @Google @GoogleIndia @googlechrome #AI https://t.co/NoY0RvRKe0',b'techfact20',"['techfect20', 'tech', 'technews', 'Tech4All', 'Tech4Good', 'Technologies', 'technologynews', 'techno', 'coronavirus', 'CoronaLockdown', 'COVID19', 'coronaupdatesindia', 'Corona', 'googleEDU', 'GoogleAlerts', 'Chrome', 'AI']",13
,,,,
17-05-2020 11:29,b'AMANAUTOMANIA COVID-19 Updates as on: 16 May 2020\xf0\x9f\x98\x89\xf0\x9f\x98\x8a\xf0\x9f\x98\x8e\xf0\x9f\x91\x8ahttps://t.co/eJxV2qWEpN#corona #covid #coronavirus #stayhome #virus #quarantine #staysafe #love #lockdown #dirumahaja #s #stayathome #memes #instagram #socialdistancing #coronamemes #india #d #k #like #instagood #follow https://t.co/NMmf1E5Njb',b'AMANAUTOMANIA',"['corona', 'covid', 'coronavirus', 'stayhome', 'virus', 'quarantine', 'staysafe', 'love', 'lockdown', 'dirumahaja', 's', 'stayathome', 'memes', 'instagram', 'socialdistancing', 'coronamemes', 'india', 'd', 'k', 'like', 'instagood', 'follow']",5
,,,,
17-05-2020 11:26,"b'Former #US President Barack Obama criticizes some officials overseeing the #coronavirus response, telling college graduates in an online commencement address that the pandemic shows many officials aren\xe2\x80\x99t even pretending to be in charge. #SundayMotivation #Corona https://t.co/KLlT2Lo0kG'",b'Matthew_SNS',"['US', 'coronavirus', 'SundayMotivation', 'Corona']",16
,,,,
17-05-2020 11:24,"b'Iskenderun Vocational Technical Anatolian High School administrators &amp; teachers, who worked intensely in the fight against #coronavirus , invented a machine that produces surgical &amp; #N95 type #mask (60 to 80 masks per minute). #Turkey #Hatay-#Corona @tcmeb @pekcan @HikmetCincin'",b'tameryazar',"['coronavirus', 'N95', 'mask', 'Turkey', 'Hatay', 'Corona']",1292
,,,,
17-05-2020 11:23,b'\xe2\x80\x9cThe present moment is the only moment available to us and it is the door to all other moments.#SundayThoughts #USA #UK #India #Iran #Iraq #China #coronavirus #Covid_19  #COVID\xe3\x83\xbc19 #COVID #StayHome #StayAtHome #COVID19 #Corona #health #LockdownExtended #lockdown #Lockdown4point0 https://t.co/a1m8L0ihO2',b'xyzjyotishcentr',"['SundayThoughts', 'USA', 'UK', 'India', 'Iran', 'Iraq', 'China', 'coronavirus', 'Covid_19', 'COVIDー19', 'COVID', 'StayHome', 'StayAtHome', 'COVID19', 'Corona', 'health', 'LockdownExtended', 'lockdown', 'Lockdown4point0']",10
,,,,
17-05-2020 11:10,"b'Doctors in #Kashmir say that a 29-year-old woman hailing from Srinagar\xe2\x80\x99s Habba Kadal locality is the latest victim of #Coronavirus, thus taking the death toll due to the pandemic in J&amp;K to 13. She passed away at the Chest &amp; Disease (CD) hospital in Srinagar. #Corona #Srinagar'",b'GowharGeelani',"['Kashmir', 'Coronavirus', 'Corona', 'Srinagar']",20961
,,,,
17-05-2020 11:07,"b'\xf0\x9f\x87\xa7\xf0\x9f\x87\xaa Belgium coronavirus COVID-19 report for Sunday, May 17th:55,280 confirmed cases (+291)9,052 deaths (+47)https://t.co/JUs0faXYsF#COVID__19 #Corona #coronavirus'",b'UniversalStats',"['COVID__19', 'Corona', 'coronavirus']",104
,,,,
17-05-2020 11:03,"b""Real Madrid star and former French national team player, Karim @Benzema, joins the Dubai Sports Council's 'Be Fit, Be Safe' initiative and sends a message to all who live in #Dubai and the #UAE. #COVID__19 #coronavirus #Corona https://t.co/ibp1ZqBLkS""",b'CoronavirusUpd6',"['Dubai', 'UAE', 'COVID__19', 'coronavirus', 'Corona']",534
,,,,
17-05-2020 11:00,b'The latest Entwicklungspolitische Themen! https://t.co/yTTc4uuCVo Thanks to @dierote_zora @DeqiWoldeMikel @stayhome0802 #corona #coronavirus',b'dirkkamm',"['corona', 'coronavirus']",77
,,,,
17-05-2020 10:59,b'This is fantastic!Every Covid Briefing. Ever.https://t.co/9hhJamauRK@larryandpaul #covid19 #covid19uk #covid #uk #coronavirus #coronavirusuk #community #cov #selfisolation #health #washyourhands #socialdistancing #viralkindness #corona',b'RambleRaconteur',"['covid19', 'covid19uk', 'covid', 'uk', 'coronavirus', 'coronavirusuk', 'community', 'cov', 'selfisolation', 'health', 'washyourhands', 'socialdistancing', 'viralkindness', 'corona']",13
,,,,
17-05-2020 10:58,"b""@CNN When Trump's words cannot be trusted, because she said 16 times that the #coronavirus will go away soon. #COVID19 #Corona""",b'TheMEWatch',"['coronavirus', 'COVID19', 'Corona']",180
,,,,
17-05-2020 10:58,"b'RAKMHSU so proud of you Somayia, and so proud of all the other Frontline heroes.#covid #cov\xc4\xb1d19 #corona #coronavirus #be_safe #\xd9\x83\xd9\x88\xd9\x81\xd9\x8a\xd8\xaf_19 #\xd9\x81\xd9\x8a\xd8\xb1\xd9\x88\xd8\xb3_\xd9\x83\xd9\x88\xd8\xb1\xd9\x88\xd8\xb1\xd9\x86\xd8\xa7 #\xd9\x83\xd9\x88\xd8\xb1\xd9\x88\xd9\x86\xd8\xa7_\xd8\xa7\xd9\x84\xd8\xac\xd8\xaf\xd9\x8a\xd8\xaf #\xd9\x83\xd9\x88\xd8\xb1\xd9\x88\xd9\x86\xd8\xa7 #be_safe #frontlineheroes #health https://t.co/IYUXbIlahw'",b'RAKMHSUZ',"['covid', 'covıd19', 'corona', 'coronavirus', 'be_safe', 'كوفيد_19', 'فيروس_كورورنا', 'كورونا_الجديد', 'كورونا', 'be_safe', 'frontlineheroes', 'health']",147
,,,,
17-05-2020 10:56,b'Dr.animal\xf0\x9f\x92\x8aSale in mid-July.Your message save the world.#fashion #world #Salvation #Coronavirus  #Corona  #COVID19 #Japanese #Japanfashion https://t.co/gcW7Mtzvk1',b'Dr_animal_staff',"['fashion', 'world', 'Salvation', 'Coronavirus', 'Corona', 'COVID19', 'Japanese', 'Japanfashion']",1
,,,,
17-05-2020 10:55,b'The #WHO said that spraying disinfectant on streets or open market places does not eliminate the deadly #coronavirus and can be \xe2\x80\x9cdangerous for human health\xe2\x80\x9d.@WHO | #Corona | #coronavirusinindia https://t.co/Ow0GtIqksz',b'AsiavilleNews',"['WHO', 'coronavirus', 'Corona', 'coronavirusinindia']",2472
,,,,
17-05-2020 10:55,b'This is fantastic!Every Covid Briefing. Ever.# covid19 #covid19uk #covid #uk #coronavirus #coronavirusuk #community #cov #selfisolation #health #washyourhands #socialdistancing #viralkindness #corona https://t.co/Lu1mfpVOM8',b'Subguy31449514',"['covid19uk', 'covid', 'uk', 'coronavirus', 'coronavirusuk', 'community', 'cov', 'selfisolation', 'health', 'washyourhands', 'socialdistancing', 'viralkindness', 'corona']",0
,,,,
17-05-2020 10:49,b'Stay Safe!! @africaproud_ #africaproudmw #africaproud2020 #art #artistsoninstagram #artist #artwork #artoftheday #graphicdesign #graphicdesigner #graphic #graphicart #coronavirus #corona #covid_19 #COVID19 #malawi\xf0\x9f\x87\xb2\xf0\x9f\x87\xbc #africa https://t.co/y3K5QeryMQ',b'africaproud_',"['africaproudmw', 'africaproud2020', 'art', 'artistsoninstagram', 'artist', 'artwork', 'artoftheday', 'graphicdesign', 'graphicdesigner', 'graphic', 'graphicart', 'coronavirus', 'corona', 'covid_19', 'COVID19', 'malawi', 'africa']",1519
,,,,
17-05-2020 10:48,b'Stay Safe!! @africaproud_ #africaproudmw #africaproud2020 #art #artistsoninstagram #artist #artwork #artoftheday #graphicdesign #graphicdesigner #graphic #graphicart #coronavirus #corona #covid_19 #COVID19 #malawi\xf0\x9f\x87\xb2\xf0\x9f\x87\xbc #africa https://t.co/kKv21Mukgp',b'nestorchikoti_',"['africaproudmw', 'africaproud2020', 'art', 'artistsoninstagram', 'artist', 'artwork', 'artoftheday', 'graphicdesign', 'graphicdesigner', 'graphic', 'graphicart', 'coronavirus', 'corona', 'covid_19', 'COVID19', 'malawi', 'africa']",6465
,,,,
17-05-2020 10:48,"b'So this thing is complete crap. #covid19 #coronavirus #corona #fergusonmodel &gt; Do *not* run this with networked input. From signed integer overwraps to RCE, its full of bugs. https://t.co/wmiZgoZfUp'",b'blakdayz',"['covid19', 'coronavirus', 'corona', 'fergusonmodel']",971
,,,,
17-05-2020 10:46,b'Stay Safe!! @africaproud_ #africaproudmw #africaproud2020 #art #artistsoninstagram #artist #artwork #artoftheday #graphicdesign #graphicdesigner #graphic #graphicart #coronavirus #corona #covid_19 #COVID19 #malawi\xf0\x9f\x87\xb2\xf0\x9f\x87\xbc #africa https://t.co/Xb3oRUEk8J',b'neshie_chikoti',"['africaproudmw', 'africaproud2020', 'art', 'artistsoninstagram', 'artist', 'artwork', 'artoftheday', 'graphicdesign', 'graphicdesigner', 'graphic', 'graphicart', 'coronavirus', 'corona', 'covid_19', 'COVID19', 'malawi', 'africa']",39
,,,,
17-05-2020 10:45,"b'Coming up live with the sizzling @manizhe this Sunday, May 17th - 7pm IST | 11:30PM AEST #QuarantineMein with host @dheepa_awtani on @bysqitzshowtime #lockdown #stayhome #staysafe #stayhealthy #India #australia #coronavirus #corona #coronavid19 https://t.co/ApaZbf0d1d'",b'BYSQItzShowtime',"['QuarantineMein', 'lockdown', 'stayhome', 'staysafe', 'stayhealthy', 'India', 'australia', 'coronavirus', 'corona', 'coronavid19']",22
,,,,
17-05-2020 10:33,b'MAAManithan Award Winnig Tamil Short Film | YoursShamefully 2.5 Reloaded Review | Future Directorhttps://t.co/e2dlt4MH9vStay HomeBe Hygine\xf0\x9f\x98\x8c\xf0\x9f\x98\x8c#coronavirus #covid #corona #virus #rus #coronav #quarantine #s #a #love #stayhome #socialdistancing #o #memes #china https://t.co/kmZvJRWCar',b'nagasathish2',"['coronavirus', 'covid', 'corona', 'virus', 'rus', 'coronav', 'quarantine', 's', 'a', 'love', 'stayhome', 'socialdistancing', 'o', 'memes', 'china']",257
,,,,
17-05-2020 10:33,"b'On 15th May 2020, Reevax introduced a ray of safety to the world, by launching UV ROVA - a robot that can kill all viruses in the environment including CoronaVirus, in less than ten minutes.#UVRova #CoronaVirus #Covid19 #Robot #Hyderabad #Technology#Corona #US #India https://t.co/Wi3SmnYu78'",b'UvRova',"['UVRova', 'CoronaVirus', 'Covid19', 'Robot', 'Hyderabad', 'Technology', 'Corona', 'US', 'India']",0
,,,,
17-05-2020 10:31,b'Last updated: 2020-05-17 10:05:01+00:00GMT  Coronavirus [COVID-19]    Cases: 4737702    Deaths: 313636#corona #coronavirus #COVID19 https://t.co/sXQqCmsxac',b'sukemomo',"['corona', 'coronavirus', 'COVID19']",71
,,,,
17-05-2020 10:27,"b'3ply Mask  1.000.000+0,10usd a PieceMade In India.FOB India Prices.#Mask #Masks #Covid19 #Covid #Corona #CoronaVirus#USA #Europe #EU #France #UK #COVID__19 #Covid19UK https://t.co/r4uluPceN3'",b'GodOfMasks',"['Mask', 'Masks', 'Covid19', 'Covid', 'Corona', 'CoronaVirus', 'USA', 'Europe', 'EU', 'France', 'UK', 'COVID__19', 'Covid19UK']",10
,,,,
17-05-2020 10:26,"b'Hey.  I want to offer you good masks, because now it is very important to take care of your health.  Please go masked.https://t.co/TEmnukDZNO#COVID19 #COVID\xe3\x83\xbc19 #coronavirus #CoronavirusPandemic  #COVID #corona #Pandemie'",b'EmilMartu',"['COVID19', 'COVIDー19', 'coronavirus', 'CoronavirusPandemic', 'COVID', 'corona', 'Pandemie']",0
,,,,
17-05-2020 10:26,"b'Record jump of nearly 5,000 new cases in India in 24 hours#Coronavirus, #Corona, #Covid19, #India, #Tamilnaduhttps://t.co/2FHs8ONcSg'",b'thandoratimes',"['Coronavirus', 'Corona', 'Covid19', 'India', 'Tamilnadu']",1708
,,,,
17-05-2020 10:22,"b'The Vaunted #COVID -19 Antibody Test Is a Total Fraud | SOTN: Alternative News, Analysis &amp; Commentary #Covididioten #corona #coronavirus #covid19 https://t.co/lS9QKN72xv'",b'raumtraum8',"['COVID', 'Covididioten', 'corona', 'coronavirus', 'covid19']",579
,,,,
17-05-2020 10:12,b'Can Govt avoid 14-day quarantine for all suspects/contacts by conducting #COVID19 test immediately\xf0\x9f\xa4\x94? Specially when we have automated test machine which can conduct 1200+ tests in 24 hrs\xf0\x9f\xa7\x90 Only those who test +ve should b quarantined. Rest can go home #CoronaVirus #COVID #Corona https://t.co/x6YxnLIm3D',b'sunilsanjan',"['COVID19', 'CoronaVirus', 'COVID', 'Corona']",448
,,,,
17-05-2020 10:11,"b'Did china killed all #Uighur muslims with #Coronavirus For your information,there were around 10 million in detention camps, and nobody saw any movement after january!#Kazak#Islam#Uighurs #Rohingyas#COVID19 #Corona China wiped a religion and their holy book quran forever'",b'itssumitjain',"['Uighur', 'Coronavirus', 'Kazak', 'Islam', 'Uighurs', 'Rohingyas', 'COVID19', 'Corona']",103216
,,,,
17-05-2020 10:09,"b'\xf0\x9f\x91\x89 ""Mask  Stay-Deer""#staydeer #masksublimation #maskprinting #masksafety #mask #covid #facemask #skincare #coronavirus #masks #art #masker  #fashion #corona  #stayhome #cosplay #virus #skincare #covid #instagood #art #travel #everywhere #adidas #fabric  #sialkotmanufacturer https://t.co/Gux9qj7ki8'",b'Staydeer2',"['staydeer', 'masksublimation', 'maskprinting', 'masksafety', 'mask', 'covid', 'facemask', 'skincare', 'coronavirus', 'masks', 'art', 'masker', 'fashion', 'corona', 'stayhome', 'cosplay', 'virus', 'skincare', 'covid', 'instagood', 'art', 'travel', 'everywhere', 'adidas', 'fabric', 'sialkotmanufacturer']",33
,,,,
17-05-2020 10:06,b'New way to celebrate your birthday in these times &amp; keep it happy too#corona #virus #Coronavirus #covid #covid2019 #covid19 #Covid_19 #washhand #StayHome #mask #social #distancing #SocialDistancing #distance #mask\xe2\x80\xa6 https://t.co/v7uSSL1xh3',b'chomals',"['corona', 'virus', 'Coronavirus', 'covid', 'covid2019', 'covid19', 'Covid_19', 'washhand', 'StayHome', 'mask', 'social', 'distancing', 'SocialDistancing', 'distance', 'mask']",690
,,,,
17-05-2020 10:03,"b'Total confirmed cases: 4,650,793Total recovered: 1,699,843Total deaths: 312,115(Data Sources: WHO, CDC, ECDC, NHC, DXY) #coronavirus #COVID19Pandemic #corona #CoronaUpdate'",b'kaqibb',"['coronavirus', 'COVID19Pandemic', 'corona', 'CoronaUpdate']",498
,,,,
17-05-2020 10:00,b'With lots of people running a #VirtualPubQuiz for their friends in #lockdown we have a series of #Quiz Tips. This one is on giving hints https://t.co/SdE6kUoSH2 #PubQuiz #QuizNight #QuizTime @quizbritain #COVID\xe3\x83\xbc19 #COVID19 #COVID #Corona #CoronaVirus',b'quizmastershop',"['VirtualPubQuiz', 'lockdown', 'Quiz', 'PubQuiz', 'QuizNight', 'QuizTime', 'COVIDー19', 'COVID19', 'COVID', 'Corona', 'CoronaVirus']",208
,,,,
17-05-2020 09:55,"b'A thread-What will change,before &amp; after #coronavirus #pandemic #endemicList out possible things,that you think,will be not as early &amp; will take 180 degree shift !#Corona #COVID19 1. Trust on Muslims-the way this community spitting on roads around globe,nobody will forgive'",b'itssumitjain',"['coronavirus', 'pandemic', 'endemic', 'Corona', 'COVID19']",103216
,,,,
17-05-2020 09:50,b'Italy wants to allow visitors from abroad again in from 3rd of June. #CoronaWillEndSoon #Corona #COVID19 #Coronavirus  https://t.co/cNS9fpQuH3',b'IsaanLive',"['CoronaWillEndSoon', 'Corona', 'COVID19', 'Coronavirus']",265
,,,,
17-05-2020 09:48,b'ISOLATION PORTRAITS : 55Creating a virtual neighbourhood through isolation portraits in The Age Of Covid.#Toronto #The6ix #Isolation #Family #Portraits #Covid #selfisolation #portrait #covid_19 #coronavirus #corona https://t.co/eJItZjF7Hx',b'spencerwynn',"['Toronto', 'The6ix', 'Isolation', 'Family', 'Portraits', 'Covid', 'selfisolation', 'portrait', 'covid_19', 'coronavirus', 'corona']",4398
,,,,
17-05-2020 09:47,"b""The harsh reality of today's world.Stay Home Stay Safe.Day 13 of Lockdown 3.0#corona #coronavirus #preventivemeasures #staysafe #stayhome #socialdistancing https://t.co/j4EFgzWmkM""",b'rtnginteligence',"['corona', 'coronavirus', 'preventivemeasures', 'staysafe', 'stayhome', 'socialdistancing']",11
,,,,
17-05-2020 09:46,"b""The harsh reality of today's world.Stay Home Stay Safe.Day 13 of Lockdown 3.0#corona #coronavirus #preventivemeasures #staysafe #stayhome #socialdistancing https://t.co/Sq4YfJGAHv""",b'IslamiclyApp',"['corona', 'coronavirus', 'preventivemeasures', 'staysafe', 'stayhome', 'socialdistancing']",31
,,,,
17-05-2020 09:40,b'@RangarajPandeyR SORRY for the unrelated Tweet.Claiming for CORONA SOLUTION! Hope Govt. considers SIDDHA MEDICATION .#COVID19 #Corona #YogaForCorona #Coronavirus #siddha #IndiaFightsCorona@narendramodi @PMOIndia @CMOTamilNadu @ikamalhaasan @drmahendran_rCheck video\xf0\x9f\x91\x87https://t.co/osaqWiFH93',b'shivaanth92',"['COVID19', 'Corona', 'YogaForCorona', 'Coronavirus', 'siddha', 'IndiaFightsCorona']",102
,,,,
17-05-2020 09:40,b'@ChanakyaaTv @RangarajPandeyR SORRY for the unrelated Tweet.Claiming for CORONA SOLUTION! Hope Govt. considers SIDDHA MEDICATION .#COVID19 #Corona #YogaForCorona #Coronavirus #siddha #IndiaFightsCorona@narendramodi @PMOIndia @CMOTamilNadu @ikamalhaasan @drmahendran_rCheck video\xf0\x9f\x91\x87https://t.co/osaqWiFH93',b'shivaanth92',"['COVID19', 'Corona', 'YogaForCorona', 'Coronavirus', 'siddha', 'IndiaFightsCorona']",102
,,,,
17-05-2020 09:31,b'Last updated: 2020-05-17 09:05:01+00:00GMT  Coronavirus [COVID-19]    Cases: 4736104    Deaths: 313498#corona #coronavirus #COVID19 https://t.co/CDUlkBdYOk',b'sukemomo',"['corona', 'coronavirus', 'COVID19']",71
,,,,
17-05-2020 09:30,b'#techfect20Because knowledge has beginning but no ending..\xe2\x98\xba\xef\xb8\x8f#tech #technews #Tech4All #Tech4Good #Technologies #technologynews #techno    #coronavirus #CoronaLockdown #COVID19 #coronaupdatesindia #Corona #Disney #Disneyland @Disney @DisneyParks #ShanghaiDisneyland #safety https://t.co/weJQMcQ7Qw',b'techfact20',"['techfect20', 'tech', 'technews', 'Tech4All', 'Tech4Good', 'Technologies', 'technologynews', 'techno', 'coronavirus', 'CoronaLockdown', 'COVID19', 'coronaupdatesindia', 'Corona', 'Disney', 'Disneyland', 'ShanghaiDisneyland', 'safety']",13
,,,,
17-05-2020 09:27,b'#UK to put as much as 93 million pounds in new #coronavirus #immunization focus #COVID_19 #coronavirusoutbreak2019 #corona https://t.co/MpM5kvK7yf https://t.co/SxIcNpPDvG',b'microbiozindia',"['UK', 'coronavirus', 'immunization', 'COVID_19', 'coronavirusoutbreak2019', 'corona']",179
,,,,
17-05-2020 09:13,b'@Mahmudabad @Uppolice @UPGovt #coronavirus is cleaning the #environment and #pollution along with all evil sprits. Over a period of time #corona will wipe out crime and corruption too. @BBCMukeshS @BBCHindi@ravishndtv @BBCUrdu@Dash_Manasi @SamiratmajM @iqbalahmadbbc',b'NadeemIrfan18',"['coronavirus', 'environment', 'pollution', 'corona']",840
,,,,
17-05-2020 09:11,"b""Today's - 'Thinasangu' (17-05-2020)#Pachchaiboomi .....#coronavirus #puthiyathalaimurai #socialwork #supporting #help #news7 #naturephotography #arimalam #pudukkottai #tamilnadu #India #organization #hindu #newspaper  #corona #COVID19 #SocialMedia #Twitter #lockdown https://t.co/yTtnielWQN""",b'pachchaiboomi',"['Pachchaiboomi', 'coronavirus', 'puthiyathalaimurai', 'socialwork', 'supporting', 'help', 'news7', 'naturephotography', 'arimalam', 'pudukkottai', 'tamilnadu', 'India', 'organization', 'hindu', 'newspaper', 'corona', 'COVID19', 'SocialMedia', 'Twitter', 'lockdown']",6
,,,,
17-05-2020 09:09,"b""Praying and being hopeful for the #corona havoc to stop soon. Just speculating about how the 'New Normal' would be like! Figures till 16th May 2020. #CoronaUpdatesInIndia #COVID__19 #CoronavirusPandemic #covid19 #pandemic #India #lockdown #CoronavirusPandemic #coronavirus #may https://t.co/KowlquzkEF""",b'JoshiforIndia',"['corona', 'CoronaUpdatesInIndia', 'COVID__19', 'CoronavirusPandemic', 'covid19', 'pandemic', 'India', 'lockdown', 'CoronavirusPandemic', 'coronavirus', 'may']",1
,,,,
17-05-2020 09:08,b'Buy Mask Online now with https://t.co/YaoUz2KxFr.#facemask #skincare #mask #covid #beauty #coronavirus #facemasks #stayhome #selfcare #corona #skin #masks #sheetmask #staysafe #quarantine #uae https://t.co/w0FAzBVwqe',b'healthyuae_ae',"['facemask', 'skincare', 'mask', 'covid', 'beauty', 'coronavirus', 'facemasks', 'stayhome', 'selfcare', 'corona', 'skin', 'masks', 'sheetmask', 'staysafe', 'quarantine', 'uae']",1
,,,,
17-05-2020 09:02,"b'Liberal, ""omg Becky, the Corona l is a prejudice, racist Virus targeting democrats! Probably a Trump bio attack.""#COVID19 #coronavirus #Covid_19 #CoronavirusOutbreak #FilmYourHospital #COVID2019 #Corona #QAnon #TheStorm #TheGreatAwakening #QAnons #WWG1WGA #spyinbiden #obamagate https://t.co/YRGfolpL3y'",b'Fightfo66024043',"['COVID19', 'coronavirus', 'Covid_19', 'CoronavirusOutbreak', 'FilmYourHospital', 'COVID2019', 'Corona', 'QAnon', 'TheStorm', 'TheGreatAwakening', 'QAnons', 'WWG1WGA', 'spyinbiden', 'obamagate']",342
,,,,
17-05-2020 09:02,"b""A #Vatican #staff member in protective gear sanitises the interior of St. Peter's #Basilica, as part of efforts to #combat a spread of the #coronavirus #disease ( #COVID19 ), at the Vatican. #Corona #Italy https://t.co/BBgh7TSbdc""",b'tameryazar',"['Vatican', 'staff', 'Basilica', 'combat', 'coronavirus', 'disease', 'COVID19', 'Corona', 'Italy']",1292
,,,,
17-05-2020 08:57,"b""@htTweets There can't be #COVID uniformity across #India; there must be a graded approach in anything related to #COVID19! However, anything would require the #cooperation of all at all times! Otherwise, the situation could only worsen! #CoronaVirus #CoronaVirusInIndia #Corona #CoronaAlert""",b'MinisculeThe',"['COVID', 'India', 'COVID19', 'cooperation', 'CoronaVirus', 'CoronaVirusInIndia', 'Corona', 'CoronaAlert']",43
,,,,
17-05-2020 08:56,b'Another day in Lockdown \xf0\x9f\x98\x8e\xf0\x9f\x91\x8c #HappySunday #LockDown #SantaBruce #SanRoqueAce #Lagos #London #Nigeria #Africa #stayhome #stayathome #staysafe #coronavirus #corona #covid #covid19 #pandemic #afrobeats #afrobeat @ United\xe2\x80\xa6 https://t.co/zwEIYFV4do',b'Oshak',"['HappySunday', 'LockDown', 'SantaBruce', 'SanRoqueAce', 'Lagos', 'London', 'Nigeria', 'Africa', 'stayhome', 'stayathome', 'staysafe', 'coronavirus', 'corona', 'covid', 'covid19', 'pandemic', 'afrobeats', 'afrobeat']",618
,,,,
17-05-2020 08:54,b'Five Corona Outbreaks On Sunday...#Corona #Coronavirus #COVID19 #StayAtHome#BBC #SaleverywhereWholesale #SnShttps://t.co/yQ3H0smRqC',b'SaleverywhereW',"['Corona', 'Coronavirus', 'COVID19', 'StayAtHome', 'BBC', 'SaleverywhereWholesale', 'SnS']",0
,,,,
17-05-2020 08:53,"b'Covid 19 claims two more lives in Odisha, toll rises to 5 with 828 positive cases#OdishaFightsCoronavirus #odishaunderlockdown #Odisha #corona #CoronaCrisis #coronavirus #CoronavirusOutbreak #CoronavirusPandemic #CoronaPandemic #COVID19outbreak #COVID https://t.co/CWP32ny8k9'",b'pennewstweet',"['OdishaFightsCoronavirus', 'odishaunderlockdown', 'Odisha', 'corona', 'CoronaCrisis', 'coronavirus', 'CoronavirusOutbreak', 'CoronavirusPandemic', 'CoronaPandemic', 'COVID19outbreak', 'COVID']",2895
,,,,
17-05-2020 08:50,"b""the #coronavirus test at a large factory in #Wuhan in central #China's #Hubei province.-Wuhan have begun testing inhabitants for the coronavirus as a program to test everyone in the #Chinese city of 11 million people in 10 days got underway. #Corona #Covid19 #Asia #VirusCorona https://t.co/27wfrUxls6""",b'tameryazar',"['coronavirus', 'Wuhan', 'China', 'Hubei', 'Chinese', 'Corona', 'Covid19', 'Asia', 'VirusCorona']",1292
,,,,
17-05-2020 08:48,"b'2 more #Corona positive cases from Samba, #Jammu reported today.#coronavirus #Covid_19 #CoronavirusLockdown https://t.co/23DQaAlyQI'",b'GalJammuDi',"['Corona', 'Jammu', 'coronavirus', 'Covid_19', 'CoronavirusLockdown']",540
,,,,
17-05-2020 08:44,"b'WHO should look at Madagascar, Simply raising saying no is creating a doubt that #WorldHealthOrganization is also playing game calling it pandemic  #Covid_19 #coronavirus #Corona'",b'lifeofram86',"['WorldHealthOrganization', 'Covid_19', 'coronavirus', 'Corona']",133
,,,,
17-05-2020 08:43,"b'Global corona cases touch 4.6 million#Coronavirus, #Corona, #Covid19, #Global, #Usa, #India, #London, #Russia, #Britain, #Spain, #Italyhttps://t.co/IiS373kqMg'",b'thandoratimes',"['Coronavirus', 'Corona', 'Covid19', 'Global', 'Usa', 'India', 'London', 'Russia', 'Britain', 'Spain', 'Italy']",1708
,,,,
17-05-2020 08:31,b'Last updated: 2020-05-17 08:05:01+00:00GMT  Coronavirus [COVID-19]    Cases: 4733557    Deaths: 313394#corona #coronavirus #COVID19 https://t.co/kXEjEcbN6p',b'sukemomo',"['corona', 'coronavirus', 'COVID19']",71
,,,,
17-05-2020 08:30,"b'While most of the #protein in an #egg is found in the #eggwhites , the #fat, #vitamins, and #minerals are found mostly in the #yolk. One typical #eggyolk contains 37 IU of vitamin D, or 5% of the DV (7,24).#STAYHOME ,#STAYSAFE #covid19 #coronavirus #corona #ayurveda #satved https://t.co/m7jd65zzza'",b'satved_official',"['protein', 'egg', 'eggwhites', 'fat', 'vitamins', 'minerals', 'yolk', 'eggyolk', 'STAYHOME', 'STAYSAFE', 'covid19', 'coronavirus', 'corona', 'ayurveda', 'satved']",17
,,,,
17-05-2020 08:29,b'REMEMBER! YOURE NOT STUCK AT HOME YOURE SAFE AT HOME #corona #safe #athome #coronavirus #CoronavirusPandemic #CoronaLockdown #ilovemybabies',b'cpattinsone',"['corona', 'safe', 'athome', 'coronavirus', 'CoronavirusPandemic', 'CoronaLockdown', 'ilovemybabies']",3
,,,,
17-05-2020 08:26,"b""Fang Fang's 'Wuhan Diary' offers eyewitness account of life in China during COVID-19 outbreak. @wuhandiary @the_hindu #Covid19 #Coronavirus #Corona #WuhanDiary Read more here: https://t.co/PGabmS0rB5""",b'HarperCollinsIN',"['Covid19', 'Coronavirus', 'Corona', 'WuhanDiary']",119583
,,,,
17-05-2020 08:23,b'Corona Virus Vector Sale check this out : https://t.co/u8DpRQJ8Ve#shutterstock #shutterstockcontributor #freepik #freepikcontributor #corona #coronavirus #covid',b'shiylhely',"['shutterstock', 'shutterstockcontributor', 'freepik', 'freepikcontributor', 'corona', 'coronavirus', 'covid']",431
,,,,
17-05-2020 08:19,"b'Just a reminder for you to take care of your heart and health, something that is even more important in the current times.#worldhypertensionday #hypertension #heart #healthy #healthcomesfirst #coronavirus #corona #covid19 #lockdown #quarantinelife #stayhealthy #stayhome #stayfit https://t.co/LLx6u3OyzH'",b'happynessnet',"['worldhypertensionday', 'hypertension', 'heart', 'healthy', 'healthcomesfirst', 'coronavirus', 'corona', 'covid19', 'lockdown', 'quarantinelife', 'stayhealthy', 'stayhome', 'stayfit']",105
,,,,
17-05-2020 08:17,b'Lockdown delays payment to domestic players and officials from BCCIhttps://t.co/UHHeDhI4a7 ......#lockdown #covid #coronavirus #corona #quarantine #stayhome #staysafe #socialdistancing #stayathome #india #virus #pandemic #isolation #cricket #bccinews #Cricket #iccnews',b'KyroSports',"['lockdown', 'covid', 'coronavirus', 'corona', 'quarantine', 'stayhome', 'staysafe', 'socialdistancing', 'stayathome', 'india', 'virus', 'pandemic', 'isolation', 'cricket', 'bccinews', 'Cricket', 'iccnews']",14
,,,,
17-05-2020 08:07,b'Nearing 400 nurses resign from Bengal#nurses #Bengal #Manipur #Odisha #Jharkhand #Chhattisgarh #corona #CoronaCrisis #coronavirus #CoronavirusOutbreak #CoronavirusPandemic #CoronaPandemic #COVID19outbreak #COVID #IndiaFightsCoronahttps://t.co/gIx445G4NG',b'pennewstweet',"['nurses', 'Bengal', 'Manipur', 'Odisha', 'Jharkhand', 'Chhattisgarh', 'corona', 'CoronaCrisis', 'coronavirus', 'CoronavirusOutbreak', 'CoronavirusPandemic', 'CoronaPandemic', 'COVID19outbreak', 'COVID', 'IndiaFightsCorona']",2895
,,,,
17-05-2020 08:05,"b""#SatyajeetDubey's mother tests #Coronavirus positive, actor realises his 'privilege' to get her a bed in hospital amid crisis@satyajeet_dubey #Corona #COVID #COVID19 #COVID2019india #Prassthanam https://t.co/SZxZaxjVlv""",b'PeepingMoon',"['SatyajeetDubey', 'Coronavirus', 'Corona', 'COVID', 'COVID19', 'COVID2019india', 'Prassthanam']",7173
,,,,
17-05-2020 08:03,b'LIVE BLOG: IATA expects air travel to take two longer than global economy to recoverhttps://t.co/Nue9ZfFujy via @PhocusWire #coronavirus #coronavirusupdates #covid19 #corona #IATA #avgeek',b'phocuswire',"['coronavirus', 'coronavirusupdates', 'covid19', 'corona', 'IATA', 'avgeek']",41246
,,,,
17-05-2020 08:03,b'What happened in the last two weeks? Here\xe2\x80\x99s the changes over 14 days! #corona #coronavirus #covid_19 #virus coronavirus.australia coronavirus #shutdown #stayhome #staysafe https://t.co/4O4KGr0j61',b'Bernster2011',"['corona', 'coronavirus', 'covid_19', 'virus', 'shutdown', 'stayhome', 'staysafe']",87
,,,,
17-05-2020 08:01,b'Follow @Noobboy59416272 for more posts like this#jokes #instagood #memer #f #likeforlikes #bhfyp #explore #memez #momos #funnymeme #haha #viral #minecraft #gaming #shitpost #edgy #music #likes #dankmemesdaily #coronavirus #corona #youtube #k #followme #laugh #trending #memesbras https://t.co/sDA1mmidz3',b'Noobboy59416272',"['jokes', 'instagood', 'memer', 'f', 'likeforlikes', 'bhfyp', 'explore', 'memez', 'momos', 'funnymeme', 'haha', 'viral', 'minecraft', 'gaming', 'shitpost', 'edgy', 'music', 'likes', 'dankmemesdaily', 'coronavirus', 'corona', 'youtube', 'k', 'followme', 'laugh', 'trending', 'memesbras']",0
,,,,
17-05-2020 08:01,b'Follow @Noobboy59416272 for more posts like this#jokes #instagood #memer #f #likeforlikes #bhfyp #explore #memez #momos #funnymeme #haha #viral #minecraft #gaming #shitpost #edgy #music #likes #dankmemesdaily #coronavirus #corona #youtube #k #followme #laugh #trending #memesbras https://t.co/30mJDpUiq8',b'Noobboy59416272',"['jokes', 'instagood', 'memer', 'f', 'likeforlikes', 'bhfyp', 'explore', 'memez', 'momos', 'funnymeme', 'haha', 'viral', 'minecraft', 'gaming', 'shitpost', 'edgy', 'music', 'likes', 'dankmemesdaily', 'coronavirus', 'corona', 'youtube', 'k', 'followme', 'laugh', 'trending', 'memesbras']",0
,,,,
17-05-2020 08:01,b'Follow @Noobboy59416272 for more posts like this#jokes #instagood #memer #f #likeforlikes #bhfyp #explore #memez #momos #funnymeme #haha #viral #minecraft #gaming #shitpost #edgy #music #likes #dankmemesdaily #coronavirus #corona #youtube #k #followme #laugh #trending #memesbras https://t.co/OUQdzr81EE',b'Noobboy59416272',"['jokes', 'instagood', 'memer', 'f', 'likeforlikes', 'bhfyp', 'explore', 'memez', 'momos', 'funnymeme', 'haha', 'viral', 'minecraft', 'gaming', 'shitpost', 'edgy', 'music', 'likes', 'dankmemesdaily', 'coronavirus', 'corona', 'youtube', 'k', 'followme', 'laugh', 'trending', 'memesbras']",0
